{"cameraMode":{"drawMode":0,"name":"Shaded","section":"Shading Mode"},"sceneLighting":true,"audioPlay":false,"sceneViewState":{"showFog":true,"showMaterialUpdate":false,"showSkybox":true,"showFlares":true,"showImageEffects":true,"showParticleSystems":true},"in2DMode":false,"pivot":{"x":204.49880981445313,"y":105.82933044433594,"z":0.0},"rotation":{"x":-0.08034028112888336,"y":-0.001140676555223763,"z":-0.0003843337472062558,"w":-0.9969383478164673},"size":297.1011962890625,"orthographic":false}