{"cameraMode":{"drawMode":0,"name":"Shaded","section":"Shading Mode"},"sceneLighting":true,"audioPlay":false,"sceneViewState":{"showFog":true,"showMaterialUpdate":false,"showSkybox":true,"showFlares":true,"showImageEffects":true,"showParticleSystems":true},"in2DMode":false,"pivot":{"x":232.0,"y":53.29998779296875,"z":-4.099999904632568},"rotation":{"x":-0.006791268475353718,"y":0.10821868479251862,"z":-0.0014981064014136792,"w":-0.9942857027053833},"size":239.98439025878907,"orthographic":false}