{"cameraMode":{"drawMode":0,"name":"Shaded","section":"Shading Mode"},"sceneLighting":true,"audioPlay":false,"sceneViewState":{"showFog":true,"showMaterialUpdate":false,"showSkybox":true,"showFlares":true,"showImageEffects":true,"showParticleSystems":true},"in2DMode":false,"pivot":{"x":22.93292808532715,"y":-95.76884460449219,"z":103.20316314697266},"rotation":{"x":0.46362605690956118,"y":0.2261420637369156,"z":-0.1235932856798172,"w":0.8477985262870789},"size":107.76170349121094,"orthographic":false}