{"cameraMode":{"drawMode":0,"name":"Shaded","section":"Shading Mode"},"sceneLighting":true,"audioPlay":false,"sceneViewState":{"showFog":true,"showMaterialUpdate":false,"showSkybox":true,"showFlares":true,"showImageEffects":true,"showParticleSystems":true},"in2DMode":false,"pivot":{"x":0.037542130798101428,"y":1.4375497102737427,"z":-9.767189025878907},"rotation":{"x":-0.09615865349769592,"y":-0.00687073078006506,"z":0.000663605285808444,"w":-0.9953434467315674},"size":0.4252852201461792,"orthographic":false}