{"cameraMode":{"drawMode":0,"name":"Shaded","section":"Shading Mode"},"sceneLighting":true,"audioPlay":false,"sceneViewState":{"showFog":true,"showMaterialUpdate":false,"showSkybox":true,"showFlares":true,"showImageEffects":true,"showParticleSystems":true},"in2DMode":false,"pivot":{"x":35.9848518371582,"y":55.17641067504883,"z":-334.763671875},"rotation":{"x":0.01949884183704853,"y":-0.7027510404586792,"z":0.01998087204992771,"w":0.7111313939094544},"size":12.855892181396485,"orthographic":false}