{"cameraMode":{"drawMode":0,"name":"Shaded","section":"Shading Mode"},"sceneLighting":true,"audioPlay":false,"sceneViewState":{"showFog":true,"showMaterialUpdate":false,"showSkybox":true,"showFlares":true,"showImageEffects":true,"showParticleSystems":true},"in2DMode":false,"pivot":{"x":59.94123077392578,"y":7.730884552001953,"z":-223.77081298828126},"rotation":{"x":-0.07589537650346756,"y":-0.887593686580658,"z":0.4264199435710907,"w":-0.1573471873998642},"size":36.67986297607422,"orthographic":false}