{"cameraMode":{"drawMode":0,"name":"Shaded","section":"Shading Mode"},"sceneLighting":true,"audioPlay":false,"sceneViewState":{"showFog":true,"showMaterialUpdate":false,"showSkybox":true,"showFlares":true,"showImageEffects":true,"showParticleSystems":true},"in2DMode":false,"pivot":{"x":27.671817779541017,"y":67.03941345214844,"z":-284.34100341796877},"rotation":{"x":0.20936048030853272,"y":0.019397612661123277,"z":-0.0034906938672065737,"w":0.9778174161911011},"size":21.838869094848634,"orthographic":false}