{"cameraMode":{"drawMode":0,"name":"Shaded","section":"Shading Mode"},"sceneLighting":true,"audioPlay":false,"sceneViewState":{"showFog":true,"showMaterialUpdate":false,"showSkybox":true,"showFlares":true,"showImageEffects":true,"showParticleSystems":true},"in2DMode":false,"pivot":{"x":64.09305572509766,"y":55.543556213378909,"z":-346.10858154296877},"rotation":{"x":0.01725076511502266,"y":-0.9034861922264099,"z":0.037646666169166568,"w":0.4270244538784027},"size":10.52395248413086,"orthographic":false}