{"cameraMode":{"drawMode":0,"name":"Shaded","section":"Shading Mode"},"sceneLighting":true,"audioPlay":false,"sceneViewState":{"showFog":true,"showMaterialUpdate":false,"showSkybox":true,"showFlares":true,"showImageEffects":true,"showParticleSystems":true},"in2DMode":false,"pivot":{"x":-5.524505138397217,"y":5.306112766265869,"z":-0.6300249695777893},"rotation":{"x":-0.06942218542098999,"y":0.6768267154693604,"z":-0.06436275690793991,"w":-0.7300328612327576},"size":5.575850963592529,"orthographic":false}